Color_Name,Color_Name_Readable,Hex,R,G,B,LAB(OpenCV)
air_force_blue_raf,Air Force Blue (Raf),#5d8aa8,93,138,168,[141 121 107]
air_force_blue_usaf,Air Force Blue (Usaf),#00308f,0,48,143,[ 61 155  72]
air_superiority_blue,Air Superiority Blue,#72a0c1,114,160,193,[163 121 106]
alabama_crimson,Alabama Crimson,#a32638,163,38,56,[ 94 179 149]
alice_blue,Alice Blue,#f0f8ff,240,248,255,[248 127 124]
alizarin_crimson,Alizarin Crimson,#e32636,227,38,54,[126 197 168]
alloy_orange,Alloy Orange,#c46210,196,98,16,[134 163 185]
almond,Almond,#efdecd,239,222,205,[228 131 138]
amaranth,Amaranth,#e52b50,229,43,80,[129 198 154]
amber,Amber,#ffbf00,255,191,0,[207 138 211]
amber_sae_ece,Amber (Sae/Ece),#ff7e00,255,126,0,[170 172 202]
american_rose,American Rose,#ff033e,255,3,62,[137 209 170]
amethyst,Amethyst,#96c,153,102,204,[134 168  83]
android_green,Android Green,#a4c639,164,198,57,[192  98 191]
anti_flash_white,Anti-Flash White,#f2f3f4,242,243,244,[244 128 127]
antique_brass,Antique Brass,#cd9575,205,149,117,[169 145 153]
antique_fuchsia,Antique Fuchsia,#915c83,145,92,131,[117 156 115]
antique_ruby,Antique Ruby,#841b2d,132,27,45,[ 74 173 145]
antique_white,Antique White,#faebd7,250,235,215,[239 130 140]
ao_english,Ao (English),#008000,0,128,0,[118  76 178]
apple_green,Apple Green,#8db600,141,182,0,[176  94 198]
apricot,Apricot,#fbceb1,251,206,177,[219 140 148]
aqua,Aqua,#0ff,0,255,255,[233  80 114]
aquamarine,Aquamarine,#7fffd4,127,255,212,[235  82 138]
army_green,Army Green,#4b5320,75,83,32,[ 86 116 157]
arsenic,Arsenic,#3b444b,59,68,75,[ 72 126 123]
arylide_yellow,Arylide Yellow,#e9d66b,233,214,107,[218 121 182]
ash_grey,Ash Grey,#b2beb5,178,190,181,[194 122 131]
asparagus,Asparagus,#87a96b,135,169,107,[167 105 156]
atomic_tangerine,Atomic Tangerine,#f96,255,153,102,[186 162 171]
auburn,Auburn,#a52a2a,165,42,42,[ 96 178 158]
aureolin,Aureolin,#fdee00,253,238,0,[236 114 219]
aurometalsaurus,Aurometalsaurus,#6e7f80,110,127,128,[132 122 125]
avocado,Avocado,#568203,86,130,3,[126  96 181]
azure,Azure,#007fff,0,127,255,[139 147  57]
azure_mist_web,Azure Mist/Web,#f0ffff,240,255,255,[252 123 126]
baby_blue,Baby Blue,#89cff0,137,207,240,[204 114 105]
baby_blue_eyes,Baby Blue Eyes,#a1caf1,161,202,241,[203 124 104]
baby_pink,Baby Pink,#f4c2c2,244,194,194,[211 146 135]
ball_blue,Ball Blue,#21abcd,33,171,205,[166 105 101]
banana_mania,Banana Mania,#fae7b5,250,231,181,[235 127 155]
banana_yellow,Banana Yellow,#ffe135,255,225,53,[229 122 208]
barn_red,Barn Red,#7c0a02,124,10,2,[ 65 173 165]
battleship_grey,Battleship Grey,#848482,132,132,130,[141 128 129]
bazaar,Bazaar,#98777b,152,119,123,[136 142 131]
beau_blue,Beau Blue,#bcd4e6,188,212,230,[214 124 116]
beaver,Beaver,#9f8170,159,129,112,[144 137 142]
beige,Beige,#f5f5dc,245,245,220,[245 124 140]
big_dip_o_ruby,Big Dip O??uby,#9c2542,156,37,66,[ 91 178 141]
bisque,Bisque,#ffe4c4,255,228,196,[235 132 147]
bistre,Bistre,#3d2b1f,61,43,31,[ 49 135 139]
bittersweet,Bittersweet,#fe6f5e,254,111,94,[164 181 165]
bittersweet_shimmer,Bittersweet Shimmer,#bf4f51,191,79,81,[124 173 150]
black,Black,#000,0,0,0,[  0 128 128]
black_bean,Black Bean,#3d0c02,61,12,2,[ 28 150 145]
black_leather_jacket,Black Leather Jacket,#253529,37,53,41,[ 53 117 134]
black_olive,Black Olive,#3b3c36,59,60,54,[ 64 126 132]
blanched_almond,Blanched Almond,#ffebcd,255,235,205,[240 130 145]
blast_off_bronze,Blast-Off Bronze,#a57164,165,113,100,[134 147 144]
bleu_de_france,Bleu De France,#318ce7,49,140,231,[146 133  75]
blizzard_blue,Blizzard Blue,#ace5ee,172,229,238,[223 112 118]
blond,Blond,#faf0be,250,240,190,[241 124 153]
blue,Blue,#00f,0,0,255,[ 82 207  20]
blue_bell,Blue Bell,#a2a2d0,162,162,208,[174 138 105]
blue_crayola,Blue (Crayola),#1f75fe,31,117,254,[133 154  53]
blue_gray,Blue Gray,#69c,102,153,204,[157 125  97]
blue_green,Blue-Green,#0d98ba,13,152,186,[148 107 101]
blue_munsell,Blue (Munsell),#0093af,0,147,175,[143 105 104]
blue_ncs,Blue (Ncs),#0087bd,0,135,189,[135 117  91]
blue_pigment,Blue (Pigment),#339,51,51,153,[ 71 161  72]
blue_ryb,Blue (Ryb),#0247fe,2,71,254,[104 182  35]
blue_sapphire,Blue Sapphire,#126180,18,97,128,[ 98 117 104]
blue_violet,Blue-Violet,#8a2be2,138,43,226,[108 198  53]
blush,Blush,#de5d83,222,93,131,[146 182 133]
bole,Bole,#79443b,121,68,59,[ 89 149 143]
bondi_blue,Bondi Blue,#0095b6,0,149,182,[145 107 101]
bone,Bone,#e3dac9,227,218,201,[223 128 137]
boston_university_red,Boston University Red,#c00,204,0,0,[109 196 185]
bottle_green,Bottle Green,#006a4e,0,106,78,[100  94 137]
boysenberry,Boysenberry,#873260,135,50,96,[ 88 169 119]
brandeis_blue,Brandeis Blue,#0070ff,0,112,255,[129 157  50]
brass,Brass,#b5a642,181,166,66,[173 121 180]
brick_red,Brick Red,#cb4154,203,65,84,[124 183 148]
bright_cerulean,Bright Cerulean,#1dacd6,29,172,214,[167 107  97]
bright_green,Bright Green,#6f0,102,255,0,[227  54 213]
bright_lavender,Bright Lavender,#bf94e4,191,148,228,[173 159  93]
bright_maroon,Bright Maroon,#c32148,195,33,72,[110 191 148]
bright_pink,Bright Pink,#ff007f,255,0,127,[140 212 133]
bright_turquoise,Bright Turquoise,#08e8de,8,232,222,[213  80 120]
bright_ube,Bright Ube,#d19fe8,209,159,232,[185 159  98]
brilliant_lavender,Brilliant Lavender,#f4bbff,244,187,255,[212 160 102]
brilliant_rose,Brilliant Rose,#ff55a3,255,85,163,[158 198 122]
brink_pink,Brink Pink,#fb607f,251,96,127,[158 189 143]
british_racing_green,British Racing Green,#004225,0,66,37,[ 61 101 140]
bronze,Bronze,#cd7f32,205,127,50,[154 152 180]
brown_traditional,Brown (Traditional),#964b00,150,75,0,[103 155 178]
brown_web,Brown (Web),#a52a2a,165,42,42,[ 96 178 158]
bubble_gum,Bubble Gum,#ffc1cc,255,193,204,[214 152 131]
bubbles,Bubbles,#e7feff,231,254,255,[250 121 125]
buff,Buff,#f0dc82,240,220,130,[224 123 175]
bulgarian_rose,Bulgarian Rose,#480607,72,6,7,[ 33 159 145]
burgundy,Burgundy,#800020,128,0,32,[ 66 176 150]
burlywood,Burlywood,#deb887,222,184,135,[197 135 158]
burnt_orange,Burnt Orange,#c50,204,85,0,[130 172 189]
burnt_sienna,Burnt Sienna,#e97451,233,116,81,[158 171 168]
burnt_umber,Burnt Umber,#8a3324,138,51,36,[ 86 164 156]
byzantine,Byzantine,#bd33a4,189,51,164,[119 193  97]
byzantium,Byzantium,#702963,112,41,99,[ 75 167 109]
cadet,Cadet,#536872,83,104,114,[109 123 120]
cadet_blue,Cadet Blue,#5f9ea0,95,158,160,[156 108 121]
cadet_grey,Cadet Grey,#91a3b0,145,163,176,[168 125 119]
cadmium_green,Cadmium Green,#006b3c,0,107,60,[100  89 147]
cadmium_orange,Cadmium Orange,#ed872d,237,135,45,[169 161 189]
cadmium_red,Cadmium Red,#e30022,227,0,34,[121 202 177]
cadmium_yellow,Cadmium Yellow,#fff600,255,246,0,[242 111 221]
caf_au_lait,Caf? Au Lait,#a67b5b,166,123,91,[141 141 152]
caf_noir,Caf? Noir,#4b3621,75,54,33,[ 62 135 145]
cal_poly_green,Cal Poly Green,#1e4d2b,30,77,43,[ 73 103 143]
cambridge_blue,Cambridge Blue,#a3c1ad,163,193,173,[192 114 135]
camel,Camel,#c19a6b,193,154,107,[169 136 158]
cameo_pink,Cameo Pink,#efbbcc,239,187,204,[206 149 127]
camouflage_green,Camouflage Green,#78866b,120,134,107,[138 118 141]
canary_yellow,Canary Yellow,#ffef00,255,239,0,[237 114 219]
candy_apple_red,Candy Apple Red,#ff0800,255,8,0,[136 208 195]
candy_pink,Candy Pink,#e4717a,228,113,122,[157 173 144]
capri,Capri,#00bfff,0,191,255,[185 110  85]
caput_mortuum,Caput Mortuum,#592720,89,39,32,[ 58 150 144]
cardinal,Cardinal,#c41e3a,196,30,58,[109 191 156]
caribbean_green,Caribbean Green,#0c9,0,204,153,[187  74 142]
carmine,Carmine,#960018,150,0,24,[ 79 182 161]
carmine_m_p,Carmine (M&P),#d70040,215,0,64,[116 200 157]
carmine_pink,Carmine Pink,#eb4c42,235,76,66,[141 188 168]
carmine_red,Carmine Red,#ff0038,255,0,56,[137 209 173]
carnation_pink,Carnation Pink,#ffa6c9,255,166,201,[198 165 124]
carnelian,Carnelian,#b31b1b,179,27,27,[ 99 186 169]
carolina_blue,Carolina Blue,#99badd,153,186,221,[190 125 107]
carrot_orange,Carrot Orange,#ed9121,237,145,33,[174 155 195]
catalina_blue,Catalina Blue,#062a78,6,42,120,[ 52 150  80]
ceil,Ceil,#92a1cf,146,161,207,[170 133 103]
celadon,Celadon,#ace1af,172,225,175,[217 101 147]
celadon_blue,Celadon Blue,#007ba7,0,123,167,[123 116  97]
celadon_green,Celadon Green,#2f847c,47,132,124,[128 101 125]
celeste_colour,Celeste (Colour),#b2ffff,178,255,255,[243 105 120]
celestial_blue,Celestial Blue,#4997d0,73,151,208,[153 122  92]
cerise,Cerise,#de3163,222,49,99,[128 196 142]
cerise_pink,Cerise Pink,#ec3b83,236,59,131,[139 199 130]
cerulean,Cerulean,#007ba7,0,123,167,[123 116  97]
cerulean_blue,Cerulean Blue,#2a52be,42,82,190,[ 98 153  67]
cerulean_frost,Cerulean Frost,#6d9bc3,109,155,195,[159 123 103]
cg_blue,Cg Blue,#007aa5,0,122,165,[122 116  97]
cg_red,Cg Red,#e03c31,224,60,49,[130 190 172]
chamoisee,Chamoisee,#a0785a,160,120,90,[137 140 150]
champagne,Champagne,#fad6a5,250,214,165,[223 134 157]
charcoal,Charcoal,#36454f,54,69,79,[ 72 125 120]
charm_pink,Charm Pink,#e68fac,230,143,172,[176 165 127]
chartreuse_traditional,Chartreuse (Traditional),#dfff00,223,255,0,[242  93 220]
chartreuse_web,Chartreuse (Web),#7fff00,127,255,0,[229  60 214]
cherry,Cherry,#de3163,222,49,99,[128 196 142]
cherry_blossom_pink,Cherry Blossom Pink,#ffb7c5,255,183,197,[208 156 131]
chestnut,Chestnut,#cd5c5c,205,92,92,[136 173 150]
china_pink,China Pink,#de6fa1,222,111,161,[156 177 121]
china_rose,China Rose,#a8516e,168,81,110,[118 167 128]
chinese_red,Chinese Red,#aa381e,170,56,30,[103 173 169]
chocolate_traditional,Chocolate (Traditional),#7b3f00,123,63,0,[ 85 150 172]
chocolate_web,Chocolate (Web),#d2691e,210,105,30,[143 165 185]
chrome_yellow,Chrome Yellow,#ffa700,255,167,0,[192 151 207]
cinereous,Cinereous,#98817b,152,129,123,[143 136 135]
cinnabar,Cinnabar,#e34234,227,66,52,[134 189 172]
cinnamon,Cinnamon,#d2691e,210,105,30,[143 165 185]
citrine,Citrine,#e4d00a,228,208,10,[211 118 210]
classic_rose,Classic Rose,#fbcce7,251,204,231,[221 149 121]
cobalt,Cobalt,#0047ab,0,71,171,[ 84 150  70]
cocoa_brown,Cocoa Brown,#d2691e,210,105,30,[143 165 185]
coffee,Coffee,#6f4e37,111,78,55,[ 92 139 147]
columbia_blue,Columbia Blue,#9bddff,155,221,255,[217 116 105]
congo_pink,Congo Pink,#f88379,248,131,121,[173 172 154]
cool_black,Cool Black,#002e63,0,46,99,[ 50 138  93]
cool_grey,Cool Grey,#8c92ac,140,146,172,[155 131 114]
copper,Copper,#b87333,184,115,51,[140 150 173]
copper_crayola,Copper (Crayola),#da8a67,218,138,103,[166 155 159]
copper_penny,Copper Penny,#ad6f69,173,111,105,[136 152 142]
copper_red,Copper Red,#cb6d51,203,109,81,[144 163 160]
copper_rose,Copper Rose,#966,153,102,102,[124 148 136]
coquelicot,Coquelicot,#ff3800,255,56,0,[143 200 196]
coral,Coral,#ff7f50,255,127,80,[172 173 175]
coral_pink,Coral Pink,#f88379,248,131,121,[173 172 154]
coral_red,Coral Red,#ff4040,255,64,64,[146 199 173]
cordovan,Cordovan,#893f45,137,63,69,[ 93 160 139]
corn,Corn,#fbec5d,251,236,93,[235 117 197]
cornell_red,Cornell Red,#b31b1b,179,27,27,[ 99 186 169]
cornflower_blue,Cornflower Blue,#6495ed,100,149,237,[158 137  79]
cornsilk,Cornsilk,#fff8dc,255,248,220,[249 126 142]
cosmic_latte,Cosmic Latte,#fff8e7,255,248,231,[249 127 137]
cotton_candy,Cotton Candy,#ffbcd9,255,188,217,[212 156 123]
cream,Cream,#fffdd0,255,253,208,[251 121 150]
crimson,Crimson,#dc143c,220,20,60,[120 199 162]
crimson_glory,Crimson Glory,#be0032,190,0,50,[102 193 158]
cyan,Cyan,#0ff,0,255,255,[233  80 114]
cyan_process,Cyan (Process),#00b7eb,0,183,235,[177 108  91]
daffodil,Daffodil,#ffff31,255,255,49,[248 107 216]
dandelion,Dandelion,#f0e130,240,225,48,[225 116 208]
dark_blue,Dark Blue,#00008b,0,0,139,[ 38 178  59]
dark_brown,Dark Brown,#654321,101,67,33,[ 81 139 154]
dark_byzantium,Dark Byzantium,#5d3954,93,57,84,[ 74 148 118]
dark_candy_apple_red,Dark Candy Apple Red,#a40000,164,0,0,[ 86 185 176]
dark_cerulean,Dark Cerulean,#08457e,8,69,126,[ 74 134  91]
dark_chestnut,Dark Chestnut,#986960,152,105,96,[125 146 141]
dark_coral,Dark Coral,#cd5b45,205,91,69,[135 172 163]
dark_cyan,Dark Cyan,#008b8b,0,139,139,[133  97 119]
dark_electric_blue,Dark Electric Blue,#536878,83,104,120,[109 124 117]
dark_goldenrod,Dark Goldenrod,#b8860b,184,134,11,[151 138 191]
dark_gray,Dark Gray,#a9a9a9,169,169,169,[177 128 128]
dark_green,Dark Green,#013220,1,50,32,[ 45 106 136]
dark_imperial_blue,Dark Imperial Blue,#00416a,0,65,106,[ 67 127  99]
dark_jungle_green,Dark Jungle Green,#1a2421,26,36,33,[ 33 124 129]
dark_khaki,Dark Khaki,#bdb76b,189,183,107,[187 119 167]
dark_lava,Dark Lava,#483c32,72,60,50,[ 67 131 136]
dark_lavender,Dark Lavender,#734f96,115,79,150,[103 157  95]
dark_magenta,Dark Magenta,#8b008b,139,0,139,[ 83 191  89]
dark_midnight_blue,Dark Midnight Blue,#036,0,51,102,[ 54 135  94]
dark_olive_green,Dark Olive Green,#556b2f,85,107,47,[108 109 159]
dark_orange,Dark Orange,#ff8c00,255,140,0,[177 165 203]
dark_orchid,Dark Orchid,#9932cc,153,50,204,[111 193  68]
dark_pastel_blue,Dark Pastel Blue,#779ecb,119,158,203,[163 126 101]
dark_pastel_green,Dark Pastel Green,#03c03c,3,192,60,[174  62 181]
dark_pastel_purple,Dark Pastel Purple,#966fd6,150,111,214,[140 165  80]
dark_pastel_red,Dark Pastel Red,#c23b22,194,59,34,[115 181 173]
dark_pink,Dark Pink,#e75480,231,84,128,[145 188 135]
dark_powder_blue,Dark Powder Blue,#039,0,51,153,[ 66 156  69]
dark_raspberry,Dark Raspberry,#872657,135,38,87,[ 83 173 122]
dark_red,Dark Red,#8b0000,139,0,0,[ 72 179 170]
dark_salmon,Dark Salmon,#e9967a,233,150,122,[178 156 156]
dark_scarlet,Dark Scarlet,#560319,86,3,25,[ 41 165 140]
dark_sea_green,Dark Sea Green,#8fbc8f,143,188,143,[184 104 146]
dark_sienna,Dark Sienna,#3c1414,60,20,20,[ 33 147 138]
dark_slate_blue,Dark Slate Blue,#483d8b,72,61,139,[ 79 154  86]
dark_slate_gray,Dark Slate Gray,#2f4f4f,47,79,79,[ 80 117 124]
dark_spring_green,Dark Spring Green,#177245,23,114,69,[108  91 146]
dark_tan,Dark Tan,#918151,145,129,81,[139 127 156]
dark_tangerine,Dark Tangerine,#ffa812,255,168,18,[193 151 205]
dark_taupe,Dark Taupe,#483c32,72,60,50,[ 67 131 136]
dark_terra_cotta,Dark Terra Cotta,#cc4e5c,204,78,92,[130 179 147]
dark_turquoise,Dark Turquoise,#00ced1,0,206,209,[192  88 114]
dark_violet,Dark Violet,#9400d3,148,0,211,[101 204  58]
dark_yellow,Dark Yellow,#9b870c,155,135,12,[144 124 187]
dartmouth_green,Dartmouth Green,#00703c,0,112,60,[105  88 149]
davy_s_grey,Davy'S Grey,#555,85,85,85,[ 92 128 128]
debian_red,Debian Red,#d70a53,215,10,83,[117 200 146]
deep_carmine,Deep Carmine,#a9203e,169,32,62,[ 96 183 146]
deep_carmine_pink,Deep Carmine Pink,#ef3038,239,48,56,[134 198 171]
deep_carrot_orange,Deep Carrot Orange,#e9692c,233,105,44,[152 174 184]
deep_cerise,Deep Cerise,#da3287,218,50,135,[129 197 121]
deep_champagne,Deep Champagne,#fad6a5,250,214,165,[223 134 157]
deep_chestnut,Deep Chestnut,#b94e48,185,78,72,[121 171 153]
deep_coffee,Deep Coffee,#704241,112,66,65,[ 85 148 137]
deep_fuchsia,Deep Fuchsia,#c154c1,193,84,193,[137 186  91]
deep_jungle_green,Deep Jungle Green,#004b49,0,75,73,[ 72 107 124]
deep_lilac,Deep Lilac,#95b,153,85,187,[123 174  85]
deep_magenta,Deep Magenta,#c0c,204,0,204,[124 211  77]
deep_peach,Deep Peach,#ffcba4,255,203,164,[218 141 154]
deep_pink,Deep Pink,#ff1493,255,20,147,[143 212 122]
deep_ruby,Deep Ruby,#843f5b,132,63,91,[ 93 161 125]
deep_saffron,Deep Saffron,#f93,255,153,51,[185 159 194]
deep_sky_blue,Deep Sky Blue,#00bfff,0,191,255,[185 110  85]
deep_tuscan_red,Deep Tuscan Red,#66424d,102,66,77,[ 83 145 128]
denim,Denim,#1560bd,21,96,189,[106 142  73]
desert,Desert,#c19a6b,193,154,107,[169 136 158]
desert_sand,Desert Sand,#edc9af,237,201,175,[213 137 146]
dim_gray,Dim Gray,#696969,105,105,105,[113 128 128]
dodger_blue,Dodger Blue,#1e90ff,30,144,255,[152 138  65]
dogwood_rose,Dogwood Rose,#d71868,215,24,104,[120 199 135]
dollar_bill,Dollar Bill,#85bb65,133,187,101,[180  95 166]
drab,Drab,#967117,150,113,23,[127 134 179]
duke_blue,Duke Blue,#00009c,0,0,156,[ 45 183  53]
earth_yellow,Earth Yellow,#e1a95f,225,169,95,[186 140 174]
ebony,Ebony,#555d50,85,93,80,[ 98 122 134]
ecru,Ecru,#c2b280,194,178,128,[186 126 156]
eggplant,Eggplant,#614051,97,64,81,[ 80 145 124]
eggshell,Eggshell,#f0ead6,240,234,214,[236 127 138]
egyptian_blue,Egyptian Blue,#1034a6,16,52,166,[ 71 162  64]
electric_blue,Electric Blue,#7df9ff,125,249,255,[233  95 115]
electric_crimson,Electric Crimson,#ff003f,255,0,63,[137 209 169]
electric_cyan,Electric Cyan,#0ff,0,255,255,[233  80 114]
electric_green,Electric Green,#0f0,0,255,0,[224  42 211]
electric_indigo,Electric Indigo,#6f00ff,111,0,255,[ 99 210  31]
electric_lavender,Electric Lavender,#f4bbff,244,187,255,[212 160 102]
electric_lime,Electric Lime,#cf0,204,255,0,[239  86 218]
electric_purple,Electric Purple,#bf00ff,191,0,255,[127 218  50]
electric_ultramarine,Electric Ultramarine,#3f00ff,63,0,255,[ 88 208  24]
electric_violet,Electric Violet,#8f00ff,143,0,255,[109 212  38]
electric_yellow,Electric Yellow,#ff0,255,255,0,[248 106 223]
emerald,Emerald,#50c878,80,200,120,[185  77 158]
english_lavender,English Lavender,#b48395,180,131,149,[153 150 126]
eton_blue,Eton Blue,#96c8a2,150,200,162,[195 104 142]
fallow,Fallow,#c19a6b,193,154,107,[169 136 158]
falu_red,Falu Red,#801818,128,24,24,[ 71 171 156]
fandango,Fandango,#b53389,181,51,137,[113 188 109]
fashion_fuchsia,Fashion Fuchsia,#f400a1,244,0,161,[137 213 111]
fawn,Fawn,#e5aa70,229,170,112,[189 143 166]
feldgrau,Feldgrau,#4d5d53,77,93,83,[ 97 120 132]
fern_green,Fern Green,#4f7942,79,121,66,[119 102 154]
ferrari_red,Ferrari Red,#ff2800,255,40,0,[140 203 196]
field_drab,Field Drab,#6c541e,108,84,30,[ 95 132 162]
fire_engine_red,Fire Engine Red,#ce2029,206,32,41,[114 193 169]
firebrick,Firebrick,#b22222,178,34,34,[100 184 165]
flame,Flame,#e25822,226,88,34,[141 179 184]
flamingo_pink,Flamingo Pink,#fc8eac,252,142,172,[183 173 131]
flavescent,Flavescent,#f7e98e,247,233,142,[234 120 174]
flax,Flax,#eedc82,238,220,130,[223 122 174]
floral_white,Floral White,#fffaf0,255,250,240,[251 128 133]
fluorescent_orange,Fluorescent Orange,#ffbf00,255,191,0,[207 138 211]
fluorescent_pink,Fluorescent Pink,#ff1493,255,20,147,[143 212 122]
fluorescent_yellow,Fluorescent Yellow,#cf0,204,255,0,[239  86 218]
folly,Folly,#ff004f,255,0,79,[137 210 160]
forest_green_traditional,Forest Green (Traditional),#014421,1,68,33,[ 63 100 144]
forest_green_web,Forest Green (Web),#228b22,34,139,34,[129  79 173]
french_beige,French Beige,#a67b5b,166,123,91,[141 141 152]
french_blue,French Blue,#0072bb,0,114,187,[119 129  82]
french_lilac,French Lilac,#86608e,134,96,142,[118 152 109]
french_lime,French Lime,#cf0,204,255,0,[239  86 218]
french_raspberry,French Raspberry,#c72c48,199,44,72,[114 189 151]
french_rose,French Rose,#f64a8a,246,74,138,[149 197 131]
fuchsia,Fuchsia,#f0f,255,0,255,[154 226  67]
fuchsia_crayola,Fuchsia (Crayola),#c154c1,193,84,193,[137 186  91]
fuchsia_pink,Fuchsia Pink,#f7f,255,119,255,[180 197  84]
fuchsia_rose,Fuchsia Rose,#c74375,199,67,117,[125 184 129]
fulvous,Fulvous,#e48400,228,132,0,[164 158 198]
fuzzy_wuzzy,Fuzzy Wuzzy,#c66,204,102,102,[141 168 147]
gainsboro,Gainsboro,#dcdcdc,220,220,220,[224 128 128]
gamboge,Gamboge,#e49b0f,228,155,15,[177 146 200]
ghost_white,Ghost White,#f8f8ff,248,248,255,[249 129 125]
ginger,Ginger,#b06500,176,101,0,[128 152 186]
glaucous,Glaucous,#6082b6,96,130,182,[137 130  97]
glitter,Glitter,#e6e8fa,230,232,250,[236 131 119]
gold_metallic,Gold (Metallic),#d4af37,212,175,55,[186 129 191]
gold_web_golden,Gold (Web) (Golden),#ffd700,255,215,0,[222 126 215]
golden_brown,Golden Brown,#996515,153,101,21,[120 143 177]
golden_poppy,Golden Poppy,#fcc200,252,194,0,[208 136 211]
golden_yellow,Golden Yellow,#ffdf00,255,223,0,[227 122 217]
goldenrod,Goldenrod,#daa520,218,165,32,[181 137 197]
granny_smith_apple,Granny Smith Apple,#a8e4a0,168,228,160,[217  96 155]
gray,Gray,#808080,128,128,128,[137 128 128]
gray_asparagus,Gray-Asparagus,#465945,70,89,69,[ 91 116 137]
gray_html_css_gray,Gray (Html/Css Gray),#808080,128,128,128,[137 128 128]
gray_x11_gray,Gray (X11 Gray),#bebebe,190,190,190,[196 128 128]
green_color_wheel_x11_green,Green (Color Wheel) (X11 Green),#0f0,0,255,0,[224  42 211]
green_crayola,Green (Crayola),#1cac78,28,172,120,[160  80 145]
green_html_css_green,Green (Html/Css Green),#008000,0,128,0,[118  76 178]
green_munsell,Green (Munsell),#00a877,0,168,119,[156  79 143]
green_ncs,Green (Ncs),#009f6b,0,159,107,[148  80 145]
green_pigment,Green (Pigment),#00a550,0,165,80,[152  73 162]
green_ryb,Green (Ryb),#66b032,102,176,50,[166  84 182]
green_yellow,Green-Yellow,#adff2f,173,255,47,[235  76 210]
grullo,Grullo,#a99a86,169,154,134,[164 130 140]
guppie_green,Guppie Green,#00ff7f,0,255,127,[226  51 175]
halay_be,Halay? ?Be,#663854,102,56,84,[ 77 152 120]
han_blue,Han Blue,#446ccf,68,108,207,[121 146  73]
han_purple,Han Purple,#5218fa,82,24,250,[ 94 204  30]
hansa_yellow,Hansa Yellow,#e9d66b,233,214,107,[218 121 182]
harlequin,Harlequin,#3fff00,63,255,0,[225  46 212]
harvard_crimson,Harvard Crimson,#c90016,201,0,22,[107 195 176]
harvest_gold,Harvest Gold,#da9100,218,145,0,[168 147 199]
heart_gold,Heart Gold,#808000,128,128,0,[132 115 185]
heliotrope,Heliotrope,#df73ff,223,115,255,[168 191  76]
hollywood_cerise,Hollywood Cerise,#f400a1,244,0,161,[137 213 111]
honeydew,Honeydew,#f0fff0,240,255,240,[252 121 133]
honolulu_blue,Honolulu Blue,#007fbf,0,127,191,[129 123  86]
hooker_s_green,Hooker'S Green,#49796b,73,121,107,[120 108 130]
hot_magenta,Hot Magenta,#ff1dce,255,29,206,[150 217  92]
hot_pink,Hot Pink,#ff69b4,255,105,180,[167 192 117]
hunter_green,Hunter Green,#355e3b,53,94,59,[ 92 105 144]
iceberg,Iceberg,#71a6d2,113,166,210,[169 122 100]
icterine,Icterine,#fcf75e,252,247,94,[243 112 200]
imperial_blue,Imperial Blue,#002395,0,35,149,[ 55 166  64]
inchworm,Inchworm,#b2ec5d,178,236,93,[222  88 190]
india_green,India Green,#138808,19,136,8,[126  76 179]
indian_red,Indian Red,#cd5c5c,205,92,92,[136 173 150]
indian_yellow,Indian Yellow,#e3a857,227,168,87,[186 141 178]
indigo,Indigo,#6f00ff,111,0,255,[ 99 210  31]
indigo_dye,Indigo (Dye),#00416a,0,65,106,[ 67 127  99]
indigo_web,Indigo (Web),#4b0082,75,0,130,[ 53 179  75]
international_klein_blue,International Klein Blue,#002fa7,0,47,167,[ 67 165  61]
international_orange_aerospace,International Orange (Aerospace),#ff4f00,255,79,0,[150 192 197]
international_orange_engineering,International Orange (Engineering),#ba160c,186,22,12,[101 189 177]
international_orange_golden_gate_bridge,International Orange (Golden Gate Bridge),#c0362c,192,54,44,[113 182 166]
iris,Iris,#5a4fcf,90,79,207,[106 168  63]
isabelline,Isabelline,#f4f0ec,244,240,236,[242 129 130]
islamic_green,Islamic Green,#009000,0,144,0,[132  72 182]
ivory,Ivory,#fffff0,255,255,240,[254 125 135]
jade,Jade,#00a86b,0,168,107,[155  77 149]
jasmine,Jasmine,#f8de7e,248,222,126,[227 125 178]
jasper,Jasper,#d73b3e,215,59,62,[126 188 163]
jazzberry_jam,Jazzberry Jam,#a50b5e,165,11,94,[ 92 189 124]
jet,Jet,#343434,52,52,52,[ 55 128 128]
jonquil,Jonquil,#fada5e,250,218,94,[224 125 191]
june_bud,June Bud,#bdda57,189,218,87,[211 100 188]
jungle_green,Jungle Green,#29ab87,41,171,135,[160  85 137]
kelly_green,Kelly Green,#4cbb17,76,187,23,[172  70 192]
kenyan_copper,Kenyan Copper,#7c1c05,124,28,5,[ 69 168 165]
khaki_html_css_khaki,Khaki (Html/Css) (Khaki),#c3b091,195,176,145,[186 130 146]
khaki_x11_light_khaki,Khaki (X11) (Light Khaki),#f0e68c,240,230,140,[231 119 173]
ku_crimson,Ku Crimson,#e8000d,232,0,13,[124 203 187]
la_salle_green,La Salle Green,#087830,8,120,48,[112  84 159]
languid_lavender,Languid Lavender,#d6cadd,214,202,221,[211 136 120]
lapis_lazuli,Lapis Lazuli,#26619c,38,97,156,[103 130  91]
laser_lemon,Laser Lemon,#fefe22,254,254,34,[247 107 219]
laurel_green,Laurel Green,#a9ba9d,169,186,157,[188 117 141]
lava,Lava,#cf1020,207,16,32,[112 195 174]
lavender_blue,Lavender Blue,#ccf,204,204,255,[213 138 103]
lavender_blush,Lavender Blush,#fff0f5,255,240,245,[245 134 127]
lavender_floral,Lavender (Floral),#b57edc,181,126,220,[157 166  88]
lavender_gray,Lavender Gray,#c4c3d0,196,195,208,[202 131 122]
lavender_indigo,Lavender Indigo,#9457eb,148,87,235,[130 183  62]
lavender_magenta,Lavender Magenta,#ee82ee,238,130,238,[178 184  91]
lavender_mist,Lavender Mist,#e6e6fa,230,230,250,[234 132 118]
lavender_pink,Lavender Pink,#fbaed2,251,174,210,[202 161 121]
lavender_purple,Lavender Purple,#967bb6,150,123,182,[143 150 101]
lavender_rose,Lavender Rose,#fba0e3,251,160,227,[196 171 108]
lavender_web,Lavender (Web),#e6e6fa,230,230,250,[234 132 118]
lawn_green,Lawn Green,#7cfc00,124,252,0,[227  60 213]
lemon,Lemon,#fff700,255,247,0,[243 110 221]
lemon_chiffon,Lemon Chiffon,#fffacd,255,250,205,[249 123 150]
lemon_lime,Lemon Lime,#e3ff00,227,255,0,[243  95 220]
licorice,Licorice,#1a1110,26,17,16,[ 15 132 130]
light_apricot,Light Apricot,#fdd5b1,253,213,177,[224 137 151]
light_blue,Light Blue,#add8e6,173,216,230,[214 117 117]
light_brown,Light Brown,#b5651d,181,101,29,[130 155 179]
light_carmine_pink,Light Carmine Pink,#e66771,230,103,113,[152 178 147]
light_coral,Light Coral,#f08080,240,128,128,[169 171 148]
light_cornflower_blue,Light Cornflower Blue,#93ccea,147,204,234,[202 117 107]
light_crimson,Light Crimson,#f56991,245,105,145,[161 185 134]
light_cyan,Light Cyan,#e0ffff,224,255,255,[250 118 125]
light_fuchsia_pink,Light Fuchsia Pink,#f984ef,249,132,239,[182 187  94]
light_goldenrod_yellow,Light Goldenrod Yellow,#fafad2,250,250,210,[248 121 147]
light_gray,Light Gray,#d3d3d3,211,211,211,[216 128 128]
light_green,Light Green,#90ee90,144,238,144,[221  82 165]
light_khaki,Light Khaki,#f0e68c,240,230,140,[231 119 173]
light_pastel_purple,Light Pastel Purple,#b19cd9,177,156,217,[174 148 100]
light_pink,Light Pink,#ffb6c1,255,182,193,[207 156 133]
light_red_ochre,Light Red Ochre,#e97451,233,116,81,[158 171 168]
light_salmon,Light Salmon,#ffa07a,255,160,122,[191 159 163]
light_salmon_pink,Light Salmon Pink,#f99,255,153,153,[188 166 144]
light_sea_green,Light Sea Green,#20b2aa,32,178,170,[168  90 122]
light_sky_blue,Light Sky Blue,#87cefa,135,206,250,[203 117 100]
light_slate_gray,Light Slate Gray,#789,119,136,153,[143 126 117]
light_taupe,Light Taupe,#b38b6d,179,139,109,[156 139 150]
light_thulian_pink,Light Thulian Pink,#e68fac,230,143,172,[176 165 127]
light_yellow,Light Yellow,#ffffe0,255,255,224,[253 123 143]
lilac,Lilac,#c8a2c8,200,162,200,[181 148 114]
lime_color_wheel,Lime (Color Wheel),#bfff00,191,255,0,[237  81 217]
lime_green,Lime Green,#32cd32,50,205,50,[185  61 189]
lime_web_x11_green,Lime (Web) (X11 Green),#0f0,0,255,0,[224  42 211]
limerick,Limerick,#9dc209,157,194,9,[187  95 201]
lincoln_green,Lincoln Green,#195905,25,89,5,[ 83  93 166]
linen,Linen,#faf0e6,250,240,230,[243 130 134]
lion,Lion,#c19a6b,193,154,107,[169 136 158]
little_boy_blue,Little Boy Blue,#6ca0dc,108,160,220,[165 127  92]
liver,Liver,#534b4f,83,75,79,[ 84 132 127]
lust,Lust,#e62020,230,32,32,[126 199 180]
magenta,Magenta,#f0f,255,0,255,[154 226  67]
magenta_dye,Magenta (Dye),#ca1f7b,202,31,123,[116 197 120]
magenta_process,Magenta (Process),#ff0090,255,0,144,[141 214 123]
magic_mint,Magic Mint,#aaf0d1,170,240,209,[229 100 136]
magnolia,Magnolia,#f8f4ff,248,244,255,[247 131 123]
mahogany,Mahogany,#c04000,192,64,0,[116 177 185]
maize,Maize,#fbec5d,251,236,93,[235 117 197]
majorelle_blue,Majorelle Blue,#6050dc,96,80,220,[111 172  58]
malachite,Malachite,#0bda51,11,218,81,[195  57 182]
manatee,Manatee,#979aaa,151,154,170,[163 130 119]
mango_tango,Mango Tango,#ff8243,255,130,67,[173 171 182]
mantis,Mantis,#74c365,116,195,101,[184  86 168]
mardi_gras,Mardi Gras,#880085,136,0,133,[ 81 189  91]
maroon_crayola,Maroon (Crayola),#c32148,195,33,72,[110 191 148]
maroon_html_css,Maroon (Html/Css),#800000,128,0,0,[ 65 176 166]
maroon_x11,Maroon (X11),#b03060,176,48,96,[106 183 130]
mauve,Mauve,#e0b0ff,224,176,255,[200 160  95]
mauve_taupe,Mauve Taupe,#915f6d,145,95,109,[117 151 128]
mauvelous,Mauvelous,#ef98aa,239,152,170,[184 163 132]
maya_blue,Maya Blue,#73c2fb,115,194,251,[193 119  93]
meat_brown,Meat Brown,#e5b73b,229,183,59,[195 133 194]
medium_aquamarine,Medium Aquamarine,#6da,102,221,170,[205  83 143]
medium_blue,Medium Blue,#0000cd,0,0,205,[ 64 195  37]
medium_candy_apple_red,Medium Candy Apple Red,#e2062c,226,6,44,[121 201 172]
medium_carmine,Medium Carmine,#af4035,175,64,53,[109 173 158]
medium_champagne,Medium Champagne,#f3e5ab,243,229,171,[232 124 158]
medium_electric_blue,Medium Electric Blue,#035096,3,80,150,[ 87 136  84]
medium_jungle_green,Medium Jungle Green,#1c352d,28,53,45,[ 51 116 130]
medium_lavender_magenta,Medium Lavender Magenta,#dda0dd,221,160,221,[187 161 106]
medium_orchid,Medium Orchid,#ba55d3,186,85,211,[137 187  81]
medium_persian_blue,Medium Persian Blue,#0067a5,0,103,165,[107 127  88]
medium_purple,Medium Purple,#9370db,147,112,219,[140 165  78]
medium_red_violet,Medium Red-Violet,#bb3385,187,51,133,[115 189 113]
medium_ruby,Medium Ruby,#aa4069,170,64,105,[110 175 127]
medium_sea_green,Medium Sea Green,#3cb371,60,179,113,[167  80 152]
medium_slate_blue,Medium Slate Blue,#7b68ee,123,104,238,[133 169  63]
medium_spring_bud,Medium Spring Bud,#c9dc87,201,220,135,[216 108 168]
medium_spring_green,Medium Spring Green,#00fa9a,0,250,154,[223  57 161]
medium_taupe,Medium Taupe,#674c47,103,76,71,[ 89 139 135]
medium_turquoise,Medium Turquoise,#48d1cc,72,209,204,[196  91 120]
medium_tuscan_red,Medium Tuscan Red,#79443b,121,68,59,[ 89 149 143]
medium_vermilion,Medium Vermilion,#d9603b,217,96,59,[142 173 172]
medium_violet_red,Medium Violet-Red,#c71585,199,21,133,[114 199 113]
mellow_apricot,Mellow Apricot,#f8b878,248,184,120,[203 144 169]
mellow_yellow,Mellow Yellow,#f8de7e,248,222,126,[227 125 178]
melon,Melon,#fdbcb4,253,188,180,[209 150 141]
midnight_blue,Midnight Blue,#191970,25,25,112,[ 40 160  78]
midnight_green_eagle_green,Midnight Green (Eagle Green),#004953,0,73,83,[ 71 112 117]
mikado_yellow,Mikado Yellow,#ffc40c,255,196,12,[210 136 211]
mint,Mint,#3eb489,62,180,137,[169  85 140]
mint_cream,Mint Cream,#f5fffa,245,255,250,[253 124 129]
mint_green,Mint Green,#98ff98,152,255,152,[234  78 168]
misty_rose,Misty Rose,#ffe4e1,255,228,225,[236 137 133]
moccasin,Moccasin,#faebd7,250,235,215,[239 130 140]
mode_beige,Mode Beige,#967117,150,113,23,[127 134 179]
moonstone_blue,Moonstone Blue,#73a9c2,115,169,194,[170 117 110]
mordant_red_19,Mordant Red 19,#ae0c00,174,12,0,[ 93 187 179]
moss_green,Moss Green,#addfad,173,223,173,[215 102 147]
mountain_meadow,Mountain Meadow,#30ba8f,48,186,143,[173  81 140]
mountbatten_pink,Mountbatten Pink,#997a8d,153,122,141,[139 143 122]
msu_green,Msu Green,#18453b,24,69,59,[ 66 110 130]
mulberry,Mulberry,#c54b8c,197,75,140,[129 183 117]
mustard,Mustard,#ffdb58,255,219,88,[225 126 195]
myrtle,Myrtle,#21421e,33,66,30,[ 63 107 147]
nadeshiko_pink,Nadeshiko Pink,#f6adc6,246,173,198,[200 158 126]
napier_green,Napier Green,#2a8000,42,128,0,[120  82 179]
naples_yellow,Naples Yellow,#fada5e,250,218,94,[224 125 191]
navajo_white,Navajo White,#ffdead,255,222,173,[230 132 156]
navy_blue,Navy Blue,#000080,0,0,128,[ 33 175  63]
neon_carrot,Neon Carrot,#ffa343,255,163,67,[191 154 190]
neon_fuchsia,Neon Fuchsia,#fe4164,254,65,100,[148 200 153]
neon_green,Neon Green,#39ff14,57,255,20,[225  46 210]
new_york_pink,New York Pink,#d7837f,215,131,127,[162 160 144]
non_photo_blue,Non-Photo Blue,#a4dded,164,221,237,[217 114 114]
north_texas_green,North Texas Green,#059033,5,144,51,[133  75 167]
ocean_boat_blue,Ocean Boat Blue,#0077be,0,119,190,[123 127  83]
ochre,Ochre,#c72,204,119,34,[148 155 185]
office_green,Office Green,#008000,0,128,0,[118  76 178]
old_gold,Old Gold,#cfb53b,207,181,59,[189 124 190]
old_lace,Old Lace,#fdf5e6,253,245,230,[247 128 136]
old_lavender,Old Lavender,#796878,121,104,120,[117 138 122]
old_mauve,Old Mauve,#673147,103,49,71,[ 72 155 126]
old_rose,Old Rose,#c08081,192,128,129,[153 153 138]
olive,Olive,#808000,128,128,0,[132 115 185]
olive_drab_7,Olive Drab #7,#3c341f,60,52,31,[ 56 128 143]
olive_drab_web_olive_drab_3,Olive Drab (Web) (Olive Drab #3),#6b8e23,107,142,35,[139 100 178]
olivine,Olivine,#9ab973,154,185,115,[182 105 160]
onyx,Onyx,#353839,53,56,57,[ 59 127 127]
opera_mauve,Opera Mauve,#b784a7,183,132,167,[156 153 117]
orange_color_wheel,Orange (Color Wheel),#ff7f00,255,127,0,[171 171 202]
orange_peel,Orange Peel,#ff9f00,255,159,0,[188 155 206]
orange_red,Orange-Red,#ff4500,255,69,0,[147 196 197]
orange_ryb,Orange (Ryb),#fb9902,251,153,2,[183 157 204]
orange_web_color,Orange (Web Color),#ffa500,255,165,0,[191 152 207]
orchid,Orchid,#da70d6,218,112,214,[160 183  94]
otter_brown,Otter Brown,#654321,101,67,33,[ 81 139 154]
ou_crimson_red,Ou Crimson Red,#900,153,0,0,[ 80 183 173]
outer_space,Outer Space,#414a4c,65,74,76,[ 79 124 126]
outrageous_orange,Outrageous Orange,#ff6e4a,255,110,74,[164 181 175]
oxford_blue,Oxford Blue,#002147,0,33,71,[ 33 134 101]
pakistan_green,Pakistan Green,#060,0,102,0,[ 94  84 170]
palatinate_blue,Palatinate Blue,#273be2,39,59,226,[ 92 181  43]
palatinate_purple,Palatinate Purple,#682860,104,40,96,[ 70 164 108]
pale_aqua,Pale Aqua,#bcd4e6,188,212,230,[214 124 116]
pale_blue,Pale Blue,#afeeee,175,238,238,[230 108 122]
pale_brown,Pale Brown,#987654,152,118,84,[133 137 152]
pale_carmine,Pale Carmine,#af4035,175,64,53,[109 173 158]
pale_cerulean,Pale Cerulean,#9bc4e2,155,196,226,[197 121 109]
pale_chestnut,Pale Chestnut,#ddadaf,221,173,175,[191 146 134]
pale_copper,Pale Copper,#da8a67,218,138,103,[166 155 159]
pale_cornflower_blue,Pale Cornflower Blue,#abcdef,171,205,239,[207 124 108]
pale_gold,Pale Gold,#e6be8a,230,190,138,[202 135 160]
pale_goldenrod,Pale Goldenrod,#eee8aa,238,232,170,[233 121 159]
pale_green,Pale Green,#98fb98,152,251,152,[232  80 167]
pale_lavender,Pale Lavender,#dcd0ff,220,208,255,[219 141 107]
pale_magenta,Pale Magenta,#f984e5,249,132,229,[181 185  98]
pale_pink,Pale Pink,#fadadd,250,218,221,[229 140 131]
pale_plum,Pale Plum,#dda0dd,221,160,221,[187 161 106]
pale_red_violet,Pale Red-Violet,#db7093,219,112,147,[155 173 128]
pale_robin_egg_blue,Pale Robin Egg Blue,#96ded1,150,222,209,[213 103 127]
pale_silver,Pale Silver,#c9c0bb,201,192,187,[200 130 132]
pale_spring_bud,Pale Spring Bud,#ecebbd,236,235,189,[235 121 151]
pale_taupe,Pale Taupe,#bc987e,188,152,126,[167 138 147]
pale_violet_red,Pale Violet-Red,#db7093,219,112,147,[155 173 128]
pansy_purple,Pansy Purple,#78184a,120,24,74,[ 69 173 122]
papaya_whip,Papaya Whip,#ffefd5,255,239,213,[243 129 143]
paris_green,Paris Green,#50c878,80,200,120,[185  77 158]
pastel_blue,Pastel Blue,#aec6cf,174,198,207,[200 122 121]
pastel_brown,Pastel Brown,#836953,131,105,83,[118 135 144]
pastel_gray,Pastel Gray,#cfcfc4,207,207,196,[211 126 133]
pastel_green,Pastel Green,#7d7,119,221,119,[205  78 169]
pastel_magenta,Pastel Magenta,#f49ac2,244,154,194,[188 167 122]
pastel_orange,Pastel Orange,#ffb347,255,179,71,[200 146 191]
pastel_pink,Pastel Pink,#dea5a4,222,165,164,[186 149 137]
pastel_purple,Pastel Purple,#b39eb5,179,158,181,[172 140 119]
pastel_red,Pastel Red,#ff6961,255,105,97,[162 185 162]
pastel_violet,Pastel Violet,#cb99c9,203,153,201,[177 155 111]
pastel_yellow,Pastel Yellow,#fdfd96,253,253,150,[248 114 177]
patriarch,Patriarch,#800080,128,0,128,[ 76 187  91]
payne_s_grey,Payne'S Grey,#536878,83,104,120,[109 124 117]
peach,Peach,#ffe5b4,255,229,180,[235 130 155]
peach_crayola,Peach (Crayola),#ffcba4,255,203,164,[218 141 154]
peach_orange,Peach-Orange,#fc9,255,204,153,[218 139 160]
peach_puff,Peach Puff,#ffdab9,255,218,185,[228 136 149]
peach_yellow,Peach-Yellow,#fadfad,250,223,173,[229 130 156]
pear,Pear,#d1e231,209,226,49,[220 102 205]
pearl,Pearl,#eae0c8,234,224,200,[228 127 141]
pearl_aqua,Pearl Aqua,#88d8c0,136,216,192,[206  98 132]
pearly_purple,Pearly Purple,#b768a2,183,104,162,[139 168 110]
peridot,Peridot,#e6e200,230,226,0,[223 110 215]
periwinkle,Periwinkle,#ccf,204,204,255,[213 138 103]
persian_blue,Persian Blue,#1c39bb,28,57,187,[ 80 167  58]
persian_green,Persian Green,#00a693,0,166,147,[156  88 128]
persian_indigo,Persian Indigo,#32127a,50,18,122,[ 46 170  75]
persian_orange,Persian Orange,#d99058,217,144,88,[169 150 169]
persian_pink,Persian Pink,#f77fbe,247,127,190,[175 181 116]
persian_plum,Persian Plum,#701c1c,112,28,28,[ 63 165 150]
persian_red,Persian Red,#c33,204,51,51,[118 187 165]
persian_rose,Persian Rose,#fe28a2,254,40,162,[146 211 115]
persimmon,Persimmon,#ec5800,236,88,0,[145 182 195]
peru,Peru,#cd853f,205,133,63,[158 149 176]
phlox,Phlox,#df00ff,223,0,255,[140 222  58]
phthalo_blue,Phthalo Blue,#000f89,0,15,137,[ 42 172  63]
phthalo_green,Phthalo Green,#123524,18,53,36,[ 49 111 135]
piggy_pink,Piggy Pink,#fddde6,253,221,230,[232 140 128]
pine_green,Pine Green,#01796f,1,121,111,[116  97 125]
pink,Pink,#ffc0cb,255,192,203,[213 152 131]
pink_lace,Pink Lace,#ffddf4,255,221,244,[233 144 121]
pink_orange,Pink-Orange,#f96,255,153,102,[186 162 171]
pink_pearl,Pink Pearl,#e7accf,231,172,207,[196 155 119]
pink_sherbet,Pink Sherbet,#f78fa7,247,143,167,[181 170 133]
pistachio,Pistachio,#93c572,147,197,114,[190  97 164]
platinum,Platinum,#e5e4e2,229,228,226,[231 128 129]
plum_traditional,Plum (Traditional),#8e4585,142,69,133,[104 168 106]
plum_web,Plum (Web),#dda0dd,221,160,221,[187 161 106]
portland_orange,Portland Orange,#ff5a36,255,90,54,[155 189 181]
powder_blue_web,Powder Blue (Web),#b0e0e6,176,224,230,[220 114 120]
princeton_orange,Princeton Orange,#ff8f00,255,143,0,[179 163 204]
prune,Prune,#701c1c,112,28,28,[ 63 165 150]
prussian_blue,Prussian Blue,#003153,0,49,83,[ 50 127 103]
psychedelic_purple,Psychedelic Purple,#df00ff,223,0,255,[140 222  58]
puce,Puce,#c89,204,136,153,[163 156 130]
pumpkin,Pumpkin,#ff7518,255,117,24,[166 176 196]
purple_heart,Purple Heart,#69359c,105,53,156,[ 86 171  81]
purple_html_css,Purple (Html/Css),#800080,128,0,128,[ 76 187  91]
purple_mountain_majesty,Purple Mountain Majesty,#9678b6,150,120,182,[141 152 100]
purple_munsell,Purple (Munsell),#9f00c5,159,0,197,[103 203  67]
purple_pizzazz,Purple Pizzazz,#fe4eda,254,78,218,[161 207  92]
purple_taupe,Purple Taupe,#50404d,80,64,77,[ 75 137 123]
purple_x11,Purple (X11),#a020f0,160,32,240,[116 207  51]
quartz,Quartz,#51484f,81,72,79,[ 81 133 125]
rackley,Rackley,#5d8aa8,93,138,168,[141 121 107]
radical_red,Radical Red,#ff355e,255,53,94,[145 203 155]
rajah,Rajah,#fbab60,251,171,96,[195 150 178]
raspberry,Raspberry,#e30b5d,227,11,93,[124 203 144]
raspberry_glace,Raspberry Glace,#915f6d,145,95,109,[117 151 128]
raspberry_pink,Raspberry Pink,#e25098,226,80,152,[144 191 119]
raspberry_rose,Raspberry Rose,#b3446c,179,68,108,[116 177 129]
raw_umber,Raw Umber,#826644,130,102,68,[115 135 151]
razzle_dazzle_rose,Razzle Dazzle Rose,#f3c,255,51,204,[153 213  95]
razzmatazz,Razzmatazz,#e3256b,227,37,107,[129 200 138]
red,Red,#f00,255,0,0,[136 208 195]
red_brown,Red-Brown,#a52a2a,165,42,42,[ 96 178 158]
red_devil,Red Devil,#860111,134,1,17,[ 69 177 161]
red_munsell,Red (Munsell),#f2003c,242,0,60,[130 206 167]
red_ncs,Red (Ncs),#c40233,196,2,51,[105 195 159]
red_orange,Red-Orange,#ff5349,255,83,73,[153 192 171]
red_pigment,Red (Pigment),#ed1c24,237,28,36,[129 201 180]
red_ryb,Red (Ryb),#fe2712,254,39,18,[139 204 191]
red_violet,Red-Violet,#c71585,199,21,133,[114 199 113]
redwood,Redwood,#ab4e52,171,78,82,[115 167 144]
regalia,Regalia,#522d80,82,45,128,[ 70 163  87]
resolution_blue,Resolution Blue,#002387,0,35,135,[ 51 161  70]
rich_black,Rich Black,#004040,0,64,64,[ 61 110 123]
rich_brilliant_lavender,Rich Brilliant Lavender,#f1a7fe,241,167,254,[199 169  96]
rich_carmine,Rich Carmine,#d70040,215,0,64,[116 200 157]
rich_electric_blue,Rich Electric Blue,#0892d0,8,146,208,[146 118  87]
rich_lavender,Rich Lavender,#a76bcf,167,107,207,[141 170  85]
rich_lilac,Rich Lilac,#b666d2,182,102,210,[143 177  85]
rich_maroon,Rich Maroon,#b03060,176,48,96,[106 183 130]
rifle_green,Rifle Green,#414833,65,72,51,[ 75 121 139]
robin_egg_blue,Robin Egg Blue,#0cc,0,204,204,[190  87 116]
rose,Rose,#ff007f,255,0,127,[140 212 133]
rose_bonbon,Rose Bonbon,#f9429e,249,66,158,[149 203 119]
rose_ebony,Rose Ebony,#674846,103,72,70,[ 86 141 134]
rose_gold,Rose Gold,#b76e79,183,110,121,[139 158 134]
rose_madder,Rose Madder,#e32636,227,38,54,[126 197 168]
rose_pink,Rose Pink,#f6c,255,102,204,[168 197 104]
rose_quartz,Rose Quartz,#aa98a9,170,152,169,[166 138 122]
rose_taupe,Rose Taupe,#905d5d,144,93,93,[115 149 137]
rose_vale,Rose Vale,#ab4e52,171,78,82,[115 167 144]
rosewood,Rosewood,#65000b,101,0,11,[ 49 169 153]
rosso_corsa,Rosso Corsa,#d40000,212,0,0,[113 198 186]
rosy_brown,Rosy Brown,#bc8f8f,188,143,143,[162 145 135]
royal_azure,Royal Azure,#0038a8,0,56,168,[ 73 159  64]
royal_blue_traditional,Royal Blue (Traditional),#002366,0,35,102,[ 42 147  86]
royal_blue_web,Royal Blue (Web),#4169e1,65,105,225,[122 154  63]
royal_fuchsia,Royal Fuchsia,#ca2c92,202,44,146,[121 196 109]
royal_purple,Royal Purple,#7851a9,120,81,169,[108 163  87]
royal_yellow,Royal Yellow,#fada5e,250,218,94,[224 125 191]
rubine_red,Rubine Red,#d10056,209,0,86,[114 200 142]
ruby,Ruby,#e0115f,224,17,95,[123 202 142]
ruby_red,Ruby Red,#9b111e,155,17,30,[ 84 181 160]
ruddy,Ruddy,#ff0028,255,0,40,[136 208 181]
ruddy_brown,Ruddy Brown,#bb6528,187,101,40,[132 158 176]
ruddy_pink,Ruddy Pink,#e18e96,225,142,150,[173 160 137]
rufous,Rufous,#a81c07,168,28,7,[ 93 182 175]
russet,Russet,#80461b,128,70,27,[ 92 149 163]
rust,Rust,#b7410e,183,65,14,[112 174 179]
rusty_red,Rusty Red,#da2c43,218,44,67,[124 194 159]
sacramento_state_green,Sacramento State Green,#00563f,0,86,63,[ 81  99 135]
saddle_brown,Saddle Brown,#8b4513,139,69,19,[ 96 154 169]
safety_orange_blaze_orange,Safety Orange (Blaze Orange),#ff6700,255,103,0,[159 182 199]
saffron,Saffron,#f4c430,244,196,48,[207 132 202]
salmon,Salmon,#ff8c69,255,140,105,[179 168 166]
salmon_pink,Salmon Pink,#ff91a4,255,145,164,[185 171 136]
sand,Sand,#c2b280,194,178,128,[186 126 156]
sand_dune,Sand Dune,#967117,150,113,23,[127 134 179]
sandstorm,Sandstorm,#ecd540,236,213,64,[217 120 200]
sandy_brown,Sandy Brown,#f4a460,244,164,96,[189 151 175]
sandy_taupe,Sandy Taupe,#967117,150,113,23,[127 134 179]
sangria,Sangria,#92000a,146,0,10,[ 76 181 167]
sap_green,Sap Green,#507d2a,80,125,42,[122  98 167]
sapphire,Sapphire,#0f52ba,15,82,186,[ 95 150  68]
sapphire_blue,Sapphire Blue,#0067a5,0,103,165,[107 127  88]
satin_sheen_gold,Satin Sheen Gold,#cba135,203,161,53,[174 133 187]
scarlet,Scarlet,#ff2400,255,36,0,[139 204 196]
scarlet_crayola,Scarlet (Crayola),#fd0e35,253,14,53,[136 207 175]
school_bus_yellow,School Bus Yellow,#ffd800,255,216,0,[223 126 215]
screamin_green,Screamin' Green,#76ff7a,118,255,122,[230  65 180]
sea_blue,Sea Blue,#006994,0,105,148,[106 119  97]
sea_green,Sea Green,#2e8b57,46,139,87,[132  88 148]
seal_brown,Seal Brown,#321414,50,20,20,[ 27 143 135]
seashell,Seashell,#fff5ee,255,245,238,[248 130 133]
selective_yellow,Selective Yellow,#ffba00,255,186,0,[204 141 210]
sepia,Sepia,#704214,112,66,20,[ 83 144 163]
shadow,Shadow,#8a795d,138,121,93,[132 130 146]
shamrock_green,Shamrock Green,#009e60,0,158,96,[146  78 151]
shocking_pink,Shocking Pink,#fc0fc0,252,15,192,[145 217  97]
shocking_pink_crayola,Shocking Pink (Crayola),#ff6fff,255,111,255,[177 200  82]
sienna,Sienna,#882d17,136,45,23,[ 82 165 162]
silver,Silver,#c0c0c0,192,192,192,[198 128 128]
sinopia,Sinopia,#cb410b,203,65,11,[122 181 184]
skobeloff,Skobeloff,#007474,0,116,116,[112 101 120]
sky_blue,Sky Blue,#87ceeb,135,206,235,[202 113 107]
sky_magenta,Sky Magenta,#cf71af,207,113,175,[153 173 111]
slate_blue,Slate Blue,#6a5acd,106,90,205,[116 164  70]
slate_gray,Slate Gray,#708090,112,128,144,[135 126 117]
smalt_dark_powder_blue,Smalt (Dark Powder Blue),#039,0,51,153,[ 66 156  69]
smokey_topaz,Smokey Topaz,#933d41,147,61,65,[ 96 165 144]
smoky_black,Smoky Black,#100c08,16,12,8,[  9 130 130]
snow,Snow,#fffafa,255,250,250,[252 130 129]
spiro_disco_ball,Spiro Disco Ball,#0fc0fc,15,192,252,[186 109  87]
spring_bud,Spring Bud,#a7fc00,167,252,0,[231  74 215]
spring_green,Spring Green,#00ff7f,0,255,127,[226  51 175]
st_patrick_s_blue,St. Patrick'S Blue,#23297a,35,41,122,[ 54 154  81]
steel_blue,Steel Blue,#4682b4,70,130,180,[134 124  96]
stil_de_grain_yellow,Stil De Grain Yellow,#fada5e,250,218,94,[224 125 191]
stizza,Stizza,#900,153,0,0,[ 80 183 173]
stormcloud,Stormcloud,#4f666a,79,102,106,[106 120 123]
straw,Straw,#e4d96f,228,217,111,[219 118 181]
sunglow,Sunglow,#fc3,255,204,51,[215 132 204]
sunset,Sunset,#fad6a5,250,214,165,[223 134 157]
tan,Tan,#d2b48c,210,180,140,[191 133 152]
tangelo,Tangelo,#f94d00,249,77,0,[147 191 196]
tangerine,Tangerine,#f28500,242,133,0,[169 163 200]
tangerine_yellow,Tangerine Yellow,#fc0,255,204,0,[215 132 213]
tango_pink,Tango Pink,#e4717a,228,113,122,[157 173 144]
taupe,Taupe,#483c32,72,60,50,[ 67 131 136]
taupe_gray,Taupe Gray,#8b8589,139,133,137,[143 131 127]
tea_green,Tea Green,#d0f0c0,208,240,192,[233 109 148]
tea_rose_orange,Tea Rose (Orange),#f88379,248,131,121,[173 172 154]
tea_rose_rose,Tea Rose (Rose),#f4c2c2,244,194,194,[211 146 135]
teal,Teal,#008080,0,128,128,[123  99 119]
teal_blue,Teal Blue,#367588,54,117,136,[117 114 112]
teal_green,Teal Green,#00827f,0,130,127,[125  98 121]
telemagenta,Telemagenta,#cf3476,207,52,118,[123 192 127]
tenn_tawny,Tenn? (Tawny),#cd5700,205,87,0,[132 172 189]
terra_cotta,Terra Cotta,#e2725b,226,114,91,[155 170 161]
thistle,Thistle,#d8bfd8,216,191,216,[204 141 119]
thulian_pink,Thulian Pink,#de6fa1,222,111,161,[156 177 121]
tickle_me_pink,Tickle Me Pink,#fc89ac,252,137,172,[180 175 129]
tiffany_blue,Tiffany Blue,#0abab5,10,186,181,[175  89 119]
tiger_s_eye,Tiger'S Eye,#e08d3c,224,141,60,[168 153 182]
timberwolf,Timberwolf,#dbd7d2,219,215,210,[220 129 131]
titanium_yellow,Titanium Yellow,#eee600,238,230,0,[228 111 216]
tomato,Tomato,#ff6347,255,99,71,[159 186 174]
toolbox,Toolbox,#746cc0,116,108,192,[127 152  85]
topaz,Topaz,#ffc87c,255,200,124,[214 139 173]
tractor_red,Tractor Red,#fd0e35,253,14,53,[136 207 175]
trolley_grey,Trolley Grey,#808080,128,128,128,[137 128 128]
tropical_rain_forest,Tropical Rain Forest,#00755e,0,117,94,[111  94 133]
true_blue,True Blue,#0073cf,0,115,207,[122 136  73]
tufts_blue,Tufts Blue,#417dc1,65,125,193,[131 131  87]
tumbleweed,Tumbleweed,#deaa88,222,170,136,[188 143 153]
turkish_rose,Turkish Rose,#b57281,181,114,129,[142 156 131]
turquoise,Turquoise,#30d5c8,48,213,200,[198  85 123]
turquoise_blue,Turquoise Blue,#00ffef,0,255,239,[231  75 122]
turquoise_green,Turquoise Green,#a0d6b4,160,214,180,[207 104 139]
tuscan_red,Tuscan Red,#7c4848,124,72,72,[ 94 150 138]
twilight_lavender,Twilight Lavender,#8a496b,138,73,107,[102 160 121]
tyrian_purple,Tyrian Purple,#66023c,102,2,60,[ 53 172 122]
ua_blue,Ua Blue,#03a,0,51,170,[ 70 163  62]
ua_red,Ua Red,#d9004c,217,0,76,[117 201 150]
ube,Ube,#8878c3,136,120,195,[139 151  91]
ucla_blue,Ucla Blue,#536895,83,104,149,[112 133 101]
ucla_gold,Ucla Gold,#ffb300,255,179,0,[200 145 209]
ufo_green,Ufo Green,#3cd070,60,208,112,[190  69 165]
ultra_pink,Ultra Pink,#ff6fff,255,111,255,[177 200  82]
ultramarine,Ultramarine,#120a8f,18,10,143,[ 43 177  61]
ultramarine_blue,Ultramarine Blue,#4166f5,65,102,245,[124 163  53]
umber,Umber,#635147,99,81,71,[ 92 134 137]
unbleached_silk,Unbleached Silk,#ffddca,255,221,202,[231 137 142]
united_nations_blue,United Nations Blue,#5b92e5,91,146,229,[154 135  80]
university_of_california_gold,University Of California Gold,#b78727,183,135,39,[152 138 183]
unmellow_yellow,Unmellow Yellow,#ff6,255,255,102,[249 110 199]
up_forest_green,Up Forest Green,#014421,1,68,33,[ 63 100 144]
up_maroon,Up Maroon,#7b1113,123,17,19,[ 66 172 157]
upsdell_red,Upsdell Red,#ae2029,174,32,41,[ 97 183 160]
urobilin,Urobilin,#e1ad21,225,173,33,[188 135 199]
usafa_blue,Usafa Blue,#004f98,0,79,152,[ 86 137  83]
usc_cardinal,Usc Cardinal,#900,153,0,0,[ 80 183 173]
usc_gold,Usc Gold,#fc0,255,204,0,[215 132 213]
utah_crimson,Utah Crimson,#d3003f,211,0,63,[114 199 156]
vanilla,Vanilla,#f3e5ab,243,229,171,[232 124 158]
vegas_gold,Vegas Gold,#c5b358,197,179,88,[186 123 176]
venetian_red,Venetian Red,#c80815,200,8,21,[107 194 176]
verdigris,Verdigris,#43b3ae,67,179,174,[171  96 121]
vermilion_cinnabar,Vermilion (Cinnabar),#e34234,227,66,52,[134 189 172]
vermilion_plochere,Vermilion (Plochere),#d9603b,217,96,59,[142 173 172]
veronica,Veronica,#a020f0,160,32,240,[116 207  51]
violet,Violet,#8f00ff,143,0,255,[109 212  38]
violet_blue,Violet-Blue,#324ab2,50,74,178,[ 91 155  70]
violet_color_wheel,Violet (Color Wheel),#7f00ff,127,0,255,[104 211  34]
violet_ryb,Violet (Ryb),#8601af,134,1,175,[ 88 196  70]
violet_web,Violet (Web),#ee82ee,238,130,238,[178 184  91]
viridian,Viridian,#40826d,64,130,109,[127 102 133]
vivid_auburn,Vivid Auburn,#922724,146,39,36,[ 85 172 157]
vivid_burgundy,Vivid Burgundy,#9f1d35,159,29,53,[ 89 181 148]
vivid_cerise,Vivid Cerise,#da1d81,218,29,129,[124 202 122]
vivid_tangerine,Vivid Tangerine,#ffa089,255,160,137,[191 161 155]
vivid_violet,Vivid Violet,#9f00ff,159,0,255,[115 214  42]
warm_black,Warm Black,#004242,0,66,66,[ 63 110 123]
waterspout,Waterspout,#a4f4f9,164,244,249,[233 105 118]
wenge,Wenge,#645452,100,84,82,[ 95 134 132]
wheat,Wheat,#f5deb3,245,222,179,[228 130 152]
white,White,#fff,255,255,255,[255 128 128]
white_smoke,White Smoke,#f5f5f5,245,245,245,[246 128 128]
wild_blue_yonder,Wild Blue Yonder,#a2add0,162,173,208,[181 132 109]
wild_strawberry,Wild Strawberry,#ff43a4,255,67,164,[153 204 118]
wild_watermelon,Wild Watermelon,#fc6c85,252,108,133,[164 185 142]
wine,Wine,#722f37,114,47,55,[ 74 158 138]
wine_dregs,Wine Dregs,#673147,103,49,71,[ 72 155 126]
wisteria,Wisteria,#c9a0dc,201,160,220,[182 154 103]
wood_brown,Wood Brown,#c19a6b,193,154,107,[169 136 158]
xanadu,Xanadu,#738678,115,134,120,[138 118 133]
yale_blue,Yale Blue,#0f4d92,15,77,146,[ 84 137  85]
yellow,Yellow,#ff0,255,255,0,[248 106 223]
yellow_green,Yellow-Green,#9acd32,154,205,50,[195  90 195]
yellow_munsell,Yellow (Munsell),#efcc00,239,204,0,[211 125 211]
yellow_ncs,Yellow (Ncs),#ffd300,255,211,0,[219 128 214]
yellow_orange,Yellow Orange,#ffae42,255,174,66,[197 149 192]
yellow_process,Yellow (Process),#ffef00,255,239,0,[237 114 219]
yellow_ryb,Yellow (Ryb),#fefe33,254,254,51,[247 107 215]
zaffre,Zaffre,#0014a8,0,20,168,[ 54 180  52]
zinnwaldite_brown,Zinnwaldite Brown,#2c1608,44,22,8,[ 26 137 140]
